Workbook
Name Z_0EC31964_7D8D_4BDE_8009_CF9A4B6C8E41_.wvu.FilterData: Checkpunkte!$C$1:$D$30
Name Z_0EC31964_7D8D_4BDE_8009_CF9A4B6C8E41_.wvu.PrintArea: Checkpunkte!$A$1:$I$46
Name Z_0EC31964_7D8D_4BDE_8009_CF9A4B6C8E41_.wvu.PrintArea: Deckblatt!$A$1:$F$28
Name Z_0EC31964_7D8D_4BDE_8009_CF9A4B6C8E41_.wvu.PrintTitles: Checkpunkte!$1:$1

Sheet Deckblatt
A3: Visu - System Checkliste
A5: Abnahmetag | B5: Versandfreigabe | C5: 1. Abnahme | D5: 2. Abnahme | F5: Endabnahme
A7: Abnehmer MB
A8: Abnehmer Hersteller
A10: Anlagenbezeichnung | C10: Objekt-Ident-Nr.
A11: 20_Z3_MH31 | C11: Z20MH311
A12: Ansprechpartner Hersteller | C12: Telefon: | E12: Herstelleranschrift
A13: Tamas Szertics | C13: #+4916096684190 | E13: EBZ SysTec GmbH Bleicherstrasse 7, RV
A14: Ansprechpartner MB | C14: Telefon:
A15: Goran Kukic | C15: +491608688107
A17: Gliederung der Checkliste | D17: Beurteilung der Anlage
A19: Teil 1: | B19: Netzwerk
A20: Teil 2: | B20: Standard Software
A21: Teil 3: | B21: Hardware | D21: Mängel sind zu beheben bis __________________
A22: Teil 4: | B22: Visu - System | D22: neuer Termin am __________________
A23: Teil 5: | B23: Visu - Projektierung | D23: Datum: ______________________
A24: Teil 6: | B24: Anmerkungen / Ergänzungen

Sheet Checkpunkte
A1: Visu Checkliste | B1: Beschreibung Checkliste | C1: Status i.o. | D1: Status n.i.o. | E1: nicht relevant | F1: Mängelbeschreibung bei Prüfstatus n.i.o. / Bemerkung | G1: Max. Punkte | H1: mögl. Punkte | I1: Aus-wertung%
B2: Auswertung Summe | G2: =SUM(G5:G46)+SUM('Visu-Detail'!G6:G26) -> 195 | H2: =SUM(H5:H46)+SUM('Visu-Detail'!H6:H26) -> 195 | I2: =SUM(I6:I47)/SUM(H3:H4)+ SUM('Visu-Detail'!I4:I26) /SUM(H3:H4) -> 0
B3: Checkpunkte Allgemein | G3: =SUM(G5:G46) -> 100 | H3: =SUM(H5:H46) -> 100 | I3: =SUM(I6:I47)/ H3 -> 0
B4: Checkpunkte Visu - Detail | G4: =SUM('Visu-Detail'!G6:G26) -> 95 | H4: =SUM('Visu-Detail'!H6:H26) -> 95 | I4: =SUM('Visu-Detail'!I4:I26)/H4 -> 0
A5: 1.1.0 | B5: NETZWERK
A6: 1.1.1 | B6: Ist die Netzwerkinstallation ordnungsgemäß nach Vorgabe? Windows PCs können an E/A-Modulen, welche sich im selben Gehäuse befinden, als letzter Teilnehmer angeschlossen sein (EBF, HVO, …). Weitere Bedienrechner (EBF, TBR) sind direkt an einem Switch, welcher zur Porterweiterung des Automation Access Switches (z. B. der Switch XC200 im Stationsschrank +H111) dient, oder direkt am Automation-Access-Switch anzuschließen | G6: 5 | H6: =IF(E6="x",0,G6) -> 5 | I6: =IF(C6="x",H6,0) -> 0
A7: 1.1.2 | B7: Ist der Rechnername eindeutig und abgestimmt? 8. Windows PCs können an E/A-Modulen, welche sich im selben Gehäuse befinden, als letzter Teilnehmer angeschlossen sein (EBF, HVO, …). | G7: 1 | H7: =IF(E7="x",0,G7) -> 1 | I7: =IF(C7="x",H7,0) -> 0
A8: 1.1.3 | B8: Wurde das "Ondeso" Tool ordnungsgemäß ausgeführt. Anpassung Netzwerk und Rechnername Bzw. Domäne Anpassung an Serversysteme | G8: 10 | H8: =IF(E8="x",0,G8) -> 10 | I8: =IF(C8="x",H8,0) -> 0
A9: 1.2.0 | B9: STANDARD SOFTWARE
A10: 1.2.1 | B10: Welche ImageVersion (IT Image PN) ist installiert und ist diese aktuell D:\Tools\OS-Info | G10: 10 | H10: =IF(E10="x",0,G10) -> 10 | I10: =IF(C10="x",H10,0) -> 0
A11: 1.2.2 | B11: SIMATIC STEP7 Professional (TIA-Portal) Version nach Vorgabe? Siehe 000_B3.26.03_Projektierversion-Profinet-Komponenten_V60.xx.xls | G11: 1 | H11: =IF(E11="x",0,G11) -> 1 | I11: =IF(C11="x",H11,0) -> 0
A12: 1.2.3 | B12: SIMATIC STEP7 Safety (TIA-Portal) Version nach Vorgabe? Siehe 000_B3.26.03_Projektierversion-Profinet-Komponenten_V60.xx.xls | G12: 1 | H12: =IF(E12="x",0,G12) -> 1 | I12: =IF(C12="x",H12,0) -> 0
A13: 1.2.4 | B13: Welche Integra Designer Version ist installiert und ist diese nach Vorgabe? | G13: 1 | H13: =IF(E13="x",0,G13) -> 1 | I13: =IF(C13="x",H13,0) -> 0
A14: 1.3.0 | B14: HARDWARE
A15: 1.3.1 | B15: Ist der PC mit Namen beschriftet? Entspricht der Visualisierungsaufbau und -Installation dem aktuellen Vorgaben? | G15: 2 | H15: =IF(E15="x",0,G15) -> 2 | I15: =IF(C15="x",H15,0) -> 0
A16: 1.4.0 | B16: VISU - SYSTEM
A17: 1.4.1 | B17: Sind keine Fehler in der Systemübersicht Anlagendiagnose vorhanden | G17: 10 | H17: =IF(E17="x",0,G17) -> 10 | I17: =IF(C17="x",H17,0) -> 0
A18: 1.4.2 | B18: Systemübersicht Anlagendiagnose Ist der integraCheck ok? | G18: 5 | H18: =IF(E18="x",0,G18) -> 5 | I18: =IF(C18="x",H18,0) -> 0
A19: 1.4.3 | B19: Sind die Bewegungsbilder vorhanden und nach Vorgabe | G19: 3 | H19: =IF(E19="x",0,G19) -> 3 | I19: =IF(C19="x",H19,0) -> 0
A20: 1.4.4 | B20: Sind die Schnittstellenbilder vorhanden und nach Vorgabe | G20: 3 | H20: =IF(E20="x",0,G20) -> 3 | I20: =IF(C20="x",H20,0) -> 0
A21: 1.4.5 | B21: Wurden die aktuellen Designer Templates, Designer Module und SystemTemplates.zip nicht verändert | G21: 5 | H21: =IF(E21="x",0,G21) -> 5 | I21: =IF(C21="x",H21,0) -> 0
A22: 1.4.6 | B22: wurden im Designer Projekt Skripte verwendet und sind diese dokumentiert | G22: 4 | H22: =IF(E22="x",0,G22) -> 4 | I22: =IF(C22="x",H22,0) -> 0
A23: 1.4.7 | B23: Wurden die Spracheinstellungen der Visualisierung vor Beginn der Projektierung angepasst | G23: 5 | H23: =IF(E23="x",0,G23) -> 5 | I23: =IF(C23="x",H23,0) -> 0
A24: 1.5.0 | B24: VISU - PROJEKTIERUNG
A25: 1.5.1 | B25: Siehe Visu - Detail | G25: 0 | H25: 0 | I25: =IF(C25="x",H25,0) -> 0
A26: 1.6.0 | B26: Anmerkungen / Relevante Ergänzungen und Spezifika
A27: 1.6.1 | B27: Sind die Vorgaben aus Musterprojekten (RB, MO, FT) und bereitgestellte Vorlagen gem. Absprachen berücksichtigt? | G27: 4 | H27: =IF(E27="x",0,G27) -> 4 | I27: =IF(C27="x",H27,0) -> 0
A28: 1.6.2 | B28: Sind alle Technologie-Parameter / Programme in den vorgegeben Verzeichnissen abgelegt ? | G28: 3 | H28: =IF(E28="x",0,G28) -> 3 | I28: =IF(C28="x",H28,0) -> 0
A29: 1.6.3 | B29: Wird die IntegraShell richtig gestartet und ist alles korrekt konfiguriert? | G29: 3 | H29: =IF(E29="x",0,G29) -> 3 | I29: =IF(C29="x",H29,0) -> 0
A30: 1.6.4 | B30: Ist der Zugriffsschutz richtig konfiguriert? (Verbindung zum EKM-Server) | G30: 2 | H30: =IF(E30="x",0,G30) -> 2 | I30: =IF(C30="x",H30,0) -> 0
A31: 1.6.5 | B31: Ist der Archivierungsserver richtig konfiguriert und wurden die Anwenderdaten gesichert? Verbindung ISI-Save, ISI-Save CMW, | G31: 2 | H31: =IF(E31="x",0,G31) -> 2 | I31: =IF(C31="x",H31,0) -> 0
A32: 1.6.6 | B32: Ist der Index-Server richtig eingestellt? | G32: 2 | H32: =IF(E32="x",0,G32) -> 2 | I32: =IF(C32="x",H32,0) -> 0
A33: 1.6.7 | B33: Ist der DFI-Server richtig eingestellt? | G33: 2 | H33: =IF(E33="x",0,G33) -> 2 | I33: =IF(C33="x",H33,0) -> 0
A34: 1.6.8 | B34: Sind in den Log-Dateien vom SIS-Server Fehlermeldungen eingetragen. | G34: 10 | H34: =IF(E34="x",0,G34) -> 10 | I34: =IF(C34="x",H34,0) -> 0
A35: 1.6.9 | B35: Ist die Verzeichnisstruktur gemäß den Vorgaben angelegt und sind die Projekte entsprechend abgelegt? D:\CMWProjects\MO\LFA1\LFA1SPS1.IDPRO | G35: 2 | H35: =IF(E35="x",0,G35) -> 2 | I35: =IF(C35="x",H35,0) -> 0
A36: 1.6.10 | B36: Wurden alle alten Dateien aus den Projekt-Ordner gelöscht? (<Anlage>.S7TIA Datei pro SPS) | G36: 2 | H36: =IF(E36="x",0,G36) -> 2 | I36: =IF(C36="x",H36,0) -> 0
A37: 1.6.11 | B37: Wird das Antivirenprogramm automatisch aktualisiert? | G37: 2 | H37: =IF(E37="x",0,G37) -> 2 | I37: =IF(C37="x",H37,0) -> 0
A38: 1.7.0 | B38: Projektspezifische Anmerkungen und Erweiterungen

Sheet Visu-Detail
A1: Anlagenbezeichnung: | C1: Status i.o. | D1: Status n.i.o. | E1: nicht relevant | G1: Max. Punkte | H1: mögl. Punkte | I1: Aus-wertung%
B2: Auswertung Summe Projektspezifisch | G2: =SUM(G6:G26) -> 95 | H2: =SUM(H3:H26) -> 95 | I2: =SUM(I6:I26)/H2 -> 0
A3: VISU Kapitel
B4: VISU - PROJEKTIERUNG 000_B3.026.08.02 Guideline Visualisierung
A5: 2.1.0 | B5: Anlagenauswahl (SPS Auswahl)
A6: 2.1.1 | B6: Sind alle SPS Bereiche in der Anlagenauswahl projektiert | G6: 2 | H6: =IF(E6="x",0,G6) -> 2 | I6: =IF(C6="x",H6,0) -> 0
A7: 2.1.2 | B7: existieren für alle SPS Bereiche projektierte Visualisierungsbilder | G7: 2 | H7: =IF(E7="x",0,G7) -> 2 | I7: =IF(C7="x",H7,0) -> 0
A8: 2.1.3 | B8: Wurde mit dem Integra Projekt Wizard die Full HD Auflösung angewählt. | G8: 5 | H8: =IF(E8="x",0,G8) -> 5 | I8: =IF(C8="x",H8,0) -> 0
A9: 2.1.4 | B9: Wurde die Standard für Schriftarten Calibri, Fett, Größe 10 „Alignment taLeftJustify“ für alle Elemente verwendet | G9: 5 | H9: =IF(E9="x",0,G9) -> 5 | I9: =IF(C9="x",H9,0) -> 0
A10: 2.1.5 | B10: Wurden für das übergeordnete Pult 99 (Rohbau) das Übersichtsbild mittels Ersatzfenster Funktion dargestellt | G10: 2 | H10: =IF(E10="x",0,G10) -> 2 | I10: =IF(C10="x",H10,0) -> 0
A11: 2.1.6 | B11: Wurde die Darstellungen von Bildern als PNG transparent mit einer angestrebten Dateigrösse von max. ca. 100KB ausgewählt. Bevorzugt sind CAD-Zeichnungen zu verwenden, z.B.: aus Funktionslageplänen, Werkzeugübersichten, etc. | G11: 5 | H11: =IF(E11="x",0,G11) -> 5 | I11: =IF(C11="x",H11,0) -> 0
A12: 2.2.0 | B12: Allgemeine EBF Übersicht
A13: 2.2.1 | B13: Sind die Übersichtbilder nach der Guideline projektiert Beispiel RB: Beispiel FT: | G13: 15 | H13: =IF(E13="x",0,G13) -> 15 | I13: =IF(C13="x",H13,0) -> 0
A14: 2.3.0 | B14: Übersichtsbild Pultbereiche 1, …, n
A15: 2.3.1 | B15: Sind die Pultbereichsbilder nach der Guideline projektiert Beispiel RB: Beispiel FT: | G15: 15 | H15: =IF(E15="x",0,G15) -> 15 | I15: =IF(C15="x",H15,0) -> 0
A16: 2.4.0 | B16: Übersichtsbild Station
A17: 2.4.1 | B17: Sind die Pultbereichsbilder nach der Guideline projektiert Beispiel RB: | G17: 15 | H17: =IF(E17="x",0,G17) -> 15 | I17: =IF(C17="x",H17,0) -> 0
A18: 2.5.0 | B18: Sonderfunktionen, Zusatzfenster, Betriebsfunktionen und Roboterübersichtsbilder
A19: 2.5.1 | B19: Sind die Sonderfunktionen nach der Guideline projektiert Beispiel: Sonderfunktionen | G19: 5 | H19: =IF(E19="x",0,G19) -> 5 | I19: =IF(C19="x",H19,0) -> 0
A20: 2.5.2 | B20: Sind die Zusatzfenster nach der Guideline projektiert Beispiel: Zusatzfenster Kleben: | G20: 5 | H20: =IF(E20="x",0,G20) -> 5 | I20: =IF(C20="x",H20,0) -> 0
A21: 2.5.3 | B21: Sind die Betriebsfunktionen nach der Guideline projektiert Beispiel: | G21: 5 | H21: =IF(E21="x",0,G21) -> 5 | I21: =IF(C21="x",H21,0) -> 0
A22: 2.5.4 | B22: Sind die Roboterübersichtsbilder nach der Guideline projektiert Beispiel: | G22: 5 | H22: =IF(E22="x",0,G22) -> 5 | I22: =IF(C22="x",H22,0) -> 0
A23: 2.6.0 | B23: Detailbilder (Zusatzbilder) der Stationen
A24: 2.6.1 | B24: Sind keine übergeordneten Elemente wie Station, Pult usw. (um mehrfach Störanzeigen zu vermeiden) verwendet. | G24: 2 | H24: =IF(E24="x",0,G24) -> 2 | I24: =IF(C24="x",H24,0) -> 0
A25: 2.6.2 | B25: Sind keine Not-Halt Element aus der Auswahlliste benutzt. Für diese Funktion ist im Detailbild das Template „DYN_GEN_SonderBit_Endlage_Absolut“ oder „DYN_GEN_SonderBit_LED_Absolut“ zu verwendet. | G25: 2 | H25: =IF(E25="x",0,G25) -> 2 | I25: =IF(C25="x",H25,0) -> 0
A26: 2.6.3 | B26: Sind die Detailbilder nach der Guideline projektiert Beispiel: Geostation | G26: 5 | H26: =IF(E26="x",0,G26) -> 5 | I26: =IF(C26="x",H26,0) -> 0
